{"eval/loss": 0.1879812628030777, "eval/micro_precision": 0.960607294330291, "eval/micro_recall": 0.960607294330291, "eval/micro_f1": 0.960607294330291, "eval/macro_precision": 0.9303538602402888, "eval/macro_recall": 0.9401187185761094, "eval/macro_f1": 0.9313313333183968, "eval/weighted_precision": 0.9516671808305018, "eval/weighted_recall": 0.960607294330291, "eval/weighted_f1": 0.9520483821189318, "eval/runtime": 6.6722, "eval/samples_per_second": 37.469, "eval/steps_per_second": 4.796, "train/epoch": 1.0, "train/global_step": 63, "_timestamp": 1689857969.1446214, "_runtime": 63.208508253097534, "_step": 2, "train/train_runtime": 61.4387, "train/train_samples_per_second": 8.138, "train/train_steps_per_second": 1.025, "train/total_flos": 130670820864000.0, "train/train_loss": 1.1291793338836185, "_wandb": {"runtime": 72}}